,Precision,Recall,F-Meausre
User 1,0.888888888889,0.888888888889,0.888888888889
User 2,0.75,0.666666666667,0.705882352941
User 3,0.857142857143,0.666666666667,0.75
User 4,0.857142857143,0.666666666667,0.75
User 5,0.888888888889,0.888888888889,0.888888888889
User 6,0.888888888889,0.888888888889,0.888888888889
User 7,1.0,1.0,1.0
User 8,1.0,1.0,1.0
User 9,1.0,0.777777777778,0.875
User 10,0.875,0.777777777778,0.823529411765
