,Precision,Recall,F-Meausre
User 1,1.0,1.0,1.0
User 2,0.928571428571,0.928571428571,0.928571428571
User 3,1.0,1.0,1.0
User 4,1.0,1.0,1.0
User 5,0.777777777778,0.777777777778,0.777777777778
User 6,0.944444444444,0.944444444444,0.944444444444
User 7,0.846153846154,0.846153846154,0.846153846154
User 8,0.923076923077,0.923076923077,0.923076923077
User 9,0.653846153846,0.653846153846,0.653846153846
User 10,0.923076923077,0.923076923077,0.923076923077
