,Precision,Recall,F-Meausre
User 1,1.0,1.0,1.0
User 2,1.0,1.0,1.0
User 3,1.0,0.875,0.933333333333
User 4,1.0,0.75,0.857142857143
User 5,0.944444444444,0.944444444444,0.944444444444
User 6,1.0,0.888888888889,0.941176470588
User 7,0.916666666667,0.846153846154,0.88
User 8,0.833333333333,0.769230769231,0.8
User 9,1.0,0.884615384615,0.938775510204
User 10,1.0,0.961538461538,0.980392156863
