,Precision,Recall,F-Meausre
User 1,0,0.0,0.0
User 2,0,0.0,0.0
User 3,1.0,0.125,0.222222222222
User 4,1.0,0.125,0.222222222222
User 5,0,0.0,0.0
User 6,0,0.0,0.0
User 7,1.0,0.307692307692,0.470588235294
User 8,1.0,0.230769230769,0.375
User 9,1.0,0.5,0.666666666667
User 10,1.0,0.730769230769,0.844444444444
