,Precision,Recall,F-Meausre
User 1,0.894736842105,0.894736842105,0.894736842105
User 2,0.947368421053,0.947368421053,0.947368421053
User 3,0.96,0.96,0.96
User 4,0.92,0.92,0.92
User 5,0.933333333333,0.933333333333,0.933333333333
User 6,0.866666666667,0.866666666667,0.866666666667
User 7,0.954545454545,0.954545454545,0.954545454545
User 8,1.0,1.0,1.0
User 9,0.888888888889,0.888888888889,0.888888888889
User 10,0.955555555556,0.955555555556,0.955555555556
